id,client,premium_client,order,postpone
1,Rocks,false,1952.82,10:20
2,Ugoletti,true,4632.58,11:46
3,Farherty,false,3116.81,7:00
4,Yesinin,false,5213.96,8:09
5,Flucker,false,556.1,5:10
6,Gillyatt,true,2815.48,16:23
7,Poli,false,3105.27,6:51
8,Norcock,true,2598.07,20:06
9,Bradlaugh,true,2559.3,3:57
10,Gordon,false,1891.17,0:59
11,Milbourne,,,
12,Millam,true,359.8,9:41
13,Cutmare,true,276.75,22:11
14,Miklem,true,4191.61,12:58
15,Lampert,true,2574.33,1:49
16,Gonthier,true,630.8,23:12
17,Chasmor,false,1942.46,17:05
18,Peatman,false,2055.4,14:26
19,MacPaden,false,6768.03,23:58
20,Buss,true,2277.92,8:29
21,Tarbatt,false,3107.55,10:56
22,Vanyushkin,false,6037.84,12:37
23,Storch,true,3070.47,10:06
24,Stannah,false,5116.09,14:33
25,Jacombs,true,5038.84,18:46
26,Rosen,false,2267.23,17:39
27,Eastgate,true,775.83,16:23
28,Spurway,true,839.08,1:15
29,Palfery,true,2993.78,2:24
30,Scragg,true,4242.07,14:46
31,Joppich,true,601.8,0:39
32,Whitwham,false,4036.27,14:10
33,Lissemore,false,5710.55,13:23
34,Finnigan,false,4349.04,7:48
35,Poschel,false,6003.24,21:14
36,Patron,false,83.46,5:01
37,Kobsch,false,6313.49,1:52
38,Lande,true,630.32,2:19
39,Foro,true,4577.33,0:05
40,Mew,false,4140.85,11:12
41,Ambrosetti,false,1513.44,6:55
42,Scotting,false,5591.01,22:49
43,FitzAlan,false,739.98,18:31
44,Duplain,true,1558.19,12:34
45,Haughin,true,2978.18,17:13
46,Antonijevic,true,936.79,2:52
47,Cawdron,false,4080.23,5:12
48,Ferrieri,true,2544.05,12:39
49,Lethabridge,true,3831.1,5:50
50,Sandcroft,false,6770.43,20:54
51,Martinon,true,1567.07,8:28
52,Grigoryev,true,106.18,7:09
53,Robet,false,3877.58,12:59
54,Hallward,true,4467.8,19:42
55,Oloshin,false,783.65,19:21
56,Bromage,true,6883.56,7:15
57,Watterson,true,3138.69,7:35
58,Badsey,true,5860.01,6:12
59,Elwood,false,2618.56,1:47
60,Simnel,true,4592.51,0:18
61,Leimster,false,5298.5,11:48
62,Shalliker,false,6654.37,13:14
63,Kendrew,false,2698.91,19:37
64,Dibley,false,332.52,9:38
65,Stephens,false,1056.74,14:15
66,Lumsdall,,,
67,Bodechon,true,3846.16,9:36
68,Rubie,false,1615.62,5:33
69,Broseke,true,712.63,18:42
70,McDugal,true,3444.16,17:53
71,D'Elia,true,2599.26,2:18
72,Fibben,false,189.82,16:24
73,Hatwells,true,6504.18,9:38
74,Burberye,true,97.14,15:25
75,Cousen,true,5295.73,2:27
76,Cuckoo,false,3470.88,14:13
77,Kuhnwald,false,4409.73,16:30
78,Nasey,true,4623.84,10:29
79,Glawsop,true,3472.18,23:46
80,Haberfield,true,4248.19,8:52
81,Dooland,false,1793.17,21:53
82,O'Brallaghan,false,33.57,6:57
83,Berardt,true,4013.82,5:31
84,Martyntsev,true,751.83,1:51
85,Whetnall,false,259.46,19:48
86,Charles,true,929.43,17:30
87,Bowler,false,2103.73,15:28
88,Silberschatz,true,5112.18,13:26
89,Palke,false,5510.31,3:23
90,Huscroft,false,2262.08,16:18
91,Lerner,true,4690.76,18:02
92,Fouch,true,6110.25,1:35
93,Allbrook,false,6436.5,19:51
94,Kermott,true,3032.46,18:12
95,Bourges,true,1622.99,12:18
96,Orrow,false,895.26,7:44
97,Aleksich,true,1686.22,19:16
98,McElhinney,false,2675.71,0:29
99,Renn,true,2866.21,15:43
100,Enstone,false,5336.83,10:14
101,Ronisch,false,2685.82,21:46
102,Monckton,false,5357.58,10:31
103,Ivermee,false,759.07,23:36
104,Skingley,false,982.2,9:32
105,Lunam,true,3831.17,4:35
106,Gellett,false,5892.57,23:30
107,Martinson,true,5808.89,10:48
108,Leftly,false,815.99,15:34
109,Patient,true,1480.33,12:02
110,Heffron,true,4423.97,11:34
111,Featenby,true,3480.35,6:50
112,Niles,true,1709.77,5:03
113,Paydon,true,1869.67,17:55
114,China,false,2687.85,20:42
115,Yerbury,false,6345.2,11:39
116,Milnes,false,174.62,19:11
117,O'Heaney,true,5506.02,15:17
118,Hellmore,false,4159.51,15:49
119,Mullane,false,481.11,22:38
120,Tevelov,true,95.3,5:07
121,Everitt,false,6236.71,19:22
122,Dello,false,5302.61,20:12
123,Rawsthorn,false,2130.41,11:14
124,Dobrowolny,false,145.97,16:28
125,Sorsby,false,648.8,19:38
126,Otter,true,966.08,23:47
127,Rotherham,false,1265.57,10:55
128,Splevins,true,164.43,5:38
129,Jordon,true,1439.13,2:39
130,Bubbins,false,2125.17,9:01
131,D'Orsay,false,4598.75,23:01
132,Lawlor,true,2884.87,21:36
133,Kelleher,,,
134,Ekell,false,5306.04,16:47
135,Davis,true,56.07,16:33
136,McGlue,false,920.66,5:58
137,McDonell,true,1154.07,15:33
138,Grangier,,,
139,Hedderly,false,4321.68,10:55
140,Barrell,false,6771.33,2:21
141,Eastope,false,4739.33,21:47
142,Kirkup,true,5643.21,20:21
143,McClurg,false,5578.75,11:35
144,Coghlin,false,1801.3,13:40
145,Dreini,true,1447.47,2:04
146,Crossby,true,513.6,19:23
147,Flay,false,3436.86,4:10
148,Daines,true,4686.83,3:07
149,Christal,false,5977.48,22:42
150,Buxey,false,4476.25,7:30
151,Knowlman,false,1676.91,14:11
152,Cardello,true,6168.91,4:40
153,Ceresa,true,5670.96,12:26
154,Harmson,true,1681.64,6:35
155,Springford,true,6101.28,0:04
156,Lorenzin,true,6414.32,21:00
157,Fossett,true,226.48,16:58
158,Moylan,true,2722.39,20:50
159,Stronach,false,4290.24,22:48
160,Dunthorne,false,1171.39,0:25
161,Greenly,true,4004.41,3:10
162,Brugsma,true,2785.48,23:16
163,Glide,false,2159.51,1:35
164,Paulin,false,1747.49,10:28
165,O'Mannion,false,458.24,18:58
166,Wenzel,false,2762.4,3:51
167,Scrivener,true,1208.83,14:29
168,Aliberti,false,4039.49,7:49
169,Bonifazio,false,2164.27,1:21
170,Atthow,true,3006.67,12:48
171,Braunston,true,36.79,1:37
172,de Najera,false,292.39,2:56
173,Althorpe,false,3610.56,15:01
174,Lerer,true,6529.59,23:21
175,Tarbett,true,6971.1,11:40
176,Harmar,,,
177,Melhuish,false,1983.99,3:35
178,Willment,false,3843.91,0:29
179,O'Hallihane,true,5082.59,20:53
180,Gladstone,false,6361.5,17:28
181,Stanier,true,6583.58,16:45
182,Dani,true,6110.53,10:15
183,Rymmer,false,1332.5,22:37
184,Shadfourth,true,3838.24,22:32
185,Connaughton,true,5447.0,8:24
186,Terese,false,2297.02,10:44
187,Oliphant,false,1992.44,1:40
188,Rosewell,true,1326.1,23:09
189,Agron,false,2004.84,1:31
190,Roisen,true,4086.23,18:06
191,Sircomb,false,6161.12,6:16
192,Burborough,false,3162.14,15:30
193,Armatage,false,1828.15,3:21
194,Moreno,false,3375.93,11:04
195,Lymer,false,1282.08,1:51
196,Fothergill,true,1732.65,0:50
197,Gergus,false,6594.5,18:54
198,Macallam,false,4329.33,5:19
199,Lassen,true,4936.71,10:05
200,Dumbarton,true,2100.07,18:56
201,McKea,true,1545.81,5:42
202,Undy,false,316.77,6:20
203,Buckwell,true,3620.03,1:41
204,Alanbrooke,true,3413.06,15:33
205,Beckett,false,6564.08,20:15
206,Wolfenden,false,4010.89,6:25
207,Adamec,false,2390.91,19:48
208,Organ,false,4962.97,4:18
209,Cripps,true,5674.46,3:48
210,Aiers,true,1868.16,6:24
211,Antwis,true,6833.59,8:08
212,Bragger,false,850.9,22:23
213,Tinkham,false,3587.87,4:28
214,Gleadle,false,6288.65,19:48
215,Stockin,false,5992.99,4:09
216,Edser,false,2965.55,3:17
217,Vondruska,true,5547.85,21:17
218,Rioch,true,3729.26,19:33
219,Jindrich,true,869.03,7:14
220,Gregs,true,3864.03,14:29
221,Romme,false,6275.81,23:19
222,Bridges,true,2117.76,6:11
223,Brompton,false,4484.79,9:27
224,Carbery,false,2711.22,14:35
225,Dagger,false,5346.71,18:23
226,Osbaldeston,,,
227,Randales,true,6594.5,13:32
228,Afonso,true,2982.32,19:29
229,Rawls,false,4512.0,19:57
230,Filippozzi,true,2794.35,11:38
231,Joules,true,4067.76,23:29
232,Carville,true,646.46,7:14
233,Winpenny,true,6133.35,5:04
234,MacKenney,true,1608.15,17:12
235,Morpeth,false,37.36,1:46
236,Tempest,false,3684.07,9:30
237,Stroyan,false,4474.04,19:07
238,Heavens,true,2026.26,23:02
239,Trudgian,true,2271.74,11:12
240,Rebeiro,false,1210.04,14:14
241,Hinemoor,true,4029.31,5:21
242,Duligall,true,3181.51,21:21
243,Shelp,true,4702.18,20:52
244,Drillingcourt,true,743.25,5:03
245,Semor,true,1028.69,16:52
246,Fury,false,4732.53,2:18
247,Hexum,false,2475.48,13:45
248,Levane,false,1974.32,8:37
249,Caras,true,4911.38,17:40
250,Staddon,,,
251,Rustidge,false,2407.63,5:33
252,Mowle,true,1119.11,22:28
253,Ubach,true,600.79,12:20
254,Petrashov,false,1666.91,4:54
255,Hanford,true,4246.48,9:45
256,Adshad,false,5932.63,15:43
257,Giottoi,false,4365.41,17:09
258,Drillingcourt,true,800.15,14:50
259,O'Brian,false,348.09,2:16
260,Leggen,true,462.02,18:00
261,Truswell,false,1808.47,12:43
262,Biddiss,false,3935.0,5:35
263,Galiford,true,5507.74,12:52
264,Oliva,false,2172.37,15:13
265,Rotherham,false,4208.87,2:07
266,Bortolutti,false,1234.16,2:51
267,Maric,false,819.67,9:14
268,Coates,true,1563.9,7:34
269,Dancy,true,4157.34,0:18
270,Brinkler,false,6663.0,3:20
271,Rawsthorne,false,2117.02,13:02
272,Mirams,true,6981.7,12:29
273,Buxcey,false,6136.92,19:35
274,Bulfoy,true,382.25,12:43
275,Revill,false,3422.97,13:32
276,Gallahar,false,3262.75,0:27
277,Gramer,true,3757.28,2:41
278,Johnes,true,5645.2,20:46
279,Whellams,true,2836.58,23:38
280,Surman,true,2964.06,12:44
281,Kaines,true,350.24,18:22
282,Pagel,true,1170.98,18:28
283,Fellini,false,4365.93,18:22
284,McBayne,false,313.11,13:23
285,Coleshill,false,5383.31,6:59
286,Dryden,true,3038.41,20:52
287,Royden,false,6728.78,17:18
288,Boken,true,6145.96,13:22
289,Singleton,true,6276.89,22:03
290,Skingley,true,748.73,23:18
291,Tropman,false,6892.33,14:51
292,Rosten,true,2935.71,17:34
293,Chieco,false,2273.41,21:09
294,Beaconsall,true,1952.45,9:51
295,Vasilkov,,,
296,Mengo,true,1175.01,2:59
297,Wasylkiewicz,false,3550.72,2:06
298,Bodsworth,true,4815.5,22:21
299,Martinovsky,false,5322.92,22:05
300,Cohan,false,4582.52,22:57
301,Crosskell,true,5751.08,13:17
302,Martyn,false,2099.39,9:37
303,Toffaloni,false,6526.64,21:51
304,Dennick,false,4946.05,20:42
305,Dulin,false,6315.66,15:22
306,Oliveti,true,402.31,18:49
307,Badsey,false,5133.55,21:14
308,Dowyer,true,1763.51,22:36
309,Saltsberger,false,6776.09,6:13
310,Maryman,false,5981.86,6:07
311,Talman,false,1905.67,14:36
312,Ellerker,false,5225.57,16:50
313,Peal,false,3815.46,19:09
314,Fanthome,false,6412.34,18:24
315,Held,false,886.47,23:43
316,Bradwell,false,696.56,7:47
317,Raft,false,4217.38,10:25
318,Chadbourne,true,681.16,12:51
319,Shoulder,false,2278.38,22:35
320,Surman,true,5712.2,7:06
321,Surmeyers,true,4920.94,10:18
322,Tilberry,false,5590.61,21:48
323,Willas,false,2183.57,7:40
324,Danslow,true,5686.39,11:21
325,Nicholson,true,1183.38,20:13
326,Abry,true,3321.65,13:07
327,Cassell,false,5373.72,14:37
328,Durrell,false,3114.06,20:09
329,Danzig,false,5792.06,18:51
330,Forder,false,4125.06,18:59
331,Hadgraft,true,464.17,9:44
332,Brinded,true,2128.37,2:45
333,Humphries,false,4915.82,16:19
334,Pendlenton,true,1638.49,19:35
335,Yewen,true,1890.13,11:07
336,Bedinham,true,2672.72,2:18
337,Kilby,true,6768.01,3:29
338,Noads,true,3904.29,12:34
339,Lanchbury,false,5251.68,2:32
340,Roden,false,3668.49,23:47
341,Fitzsymons,true,3989.26,16:30
342,Alans,true,5271.32,18:04
343,Szanto,true,5422.26,22:04
344,Milch,false,2182.65,17:53
345,Mc Faul,false,124.26,9:20
346,Lewis,true,612.36,7:47
347,Harradine,true,1065.45,14:33
348,Lampett,true,4812.11,8:51
349,Look,true,5119.95,8:44
350,Freemantle,false,133.48,4:35
351,Sinncock,true,4897.97,19:54
352,Janecek,true,4951.23,21:31
353,Rapport,true,6833.1,18:38
354,Coldridge,false,2305.23,10:56
355,Kington,true,2258.97,6:42
356,Chad,true,3158.17,17:02
357,Trump,true,6907.28,11:42
358,Korfmann,true,4516.99,15:51
359,Ubanks,false,3016.76,22:57
360,Bouch,false,4669.99,17:01
361,Baelde,false,3898.43,17:47
362,Bordes,false,6119.36,5:23
363,Allanson,false,395.14,14:18
364,Dureden,false,122.28,21:41
365,Shambrook,,,
366,Camber,true,1179.47,17:24
367,Palister,false,1146.82,3:43
368,Sebley,false,311.19,17:28
369,Torrese,true,69.98,18:39
370,Allbrook,true,6954.74,2:12
371,Karmel,true,5375.85,17:25
372,Merrigans,,,
373,Metschke,false,2923.15,19:52
374,Shimmans,true,2610.79,5:56
375,Willicott,false,988.93,20:30
376,Dansie,false,2508.05,0:31
377,Jekel,false,4504.3,7:40
378,Molyneux,true,5015.64,10:04
379,Fallens,false,375.47,2:22
380,Barhims,true,5831.68,7:00
381,Ealam,false,6371.36,5:59
382,Slimon,true,2331.28,1:59
383,Lawrinson,false,4152.06,4:57
384,Wickmann,true,3276.33,3:26
385,Gooly,true,464.75,0:18
386,Belderson,false,577.94,3:47
387,Hawgood,true,6410.36,7:15
388,Morfield,true,4963.38,17:49
389,Pilipyak,true,6246.95,23:33
390,Munnings,true,6012.61,23:19
391,Seacroft,false,3658.91,1:24
392,Hallowes,false,3117.61,9:47
393,Stopher,false,5180.44,17:17
394,Stabbins,false,5722.57,10:45
395,Mila,false,5162.64,4:19
396,Lumbly,false,1369.36,15:16
397,Leaming,true,5728.77,16:44
398,Crosby,true,4968.5,6:12
399,Monni,false,420.73,19:05
400,Cummungs,false,1618.91,4:40
401,Dedrick,false,169.3,13:49
402,Blaisdell,false,3593.3,3:27
403,Stanett,false,346.59,4:51
404,Coppard,true,4845.73,12:06
405,Fones,false,1871.53,14:38
406,Tilberry,true,313.31,18:18
407,Alderson,false,6077.38,17:14
408,Benz,true,6019.12,20:41
409,Vigers,true,3696.3,1:47
410,Hitschke,false,5817.3,7:47
411,Harriskine,false,5556.49,5:13
412,Lindblad,true,394.81,14:25
413,Danks,true,5511.55,7:24
414,Anthill,false,3229.16,12:41
415,Oats,false,1781.94,3:57
416,Grunwall,true,841.59,3:18
417,Gligori,true,1559.97,18:34
418,Yakebovitch,false,5802.26,19:47
419,Lambert,false,5547.05,17:06
420,Claesens,true,698.58,11:23
421,Digan,true,2581.56,9:05
422,Edgeller,true,4079.89,21:48
423,Ecles,false,1787.5,2:36
424,Pinare,false,5208.77,4:04
425,Skittrall,true,204.76,8:54
426,Hackley,,,
427,Barritt,true,5694.04,21:13
428,Muirhead,false,4740.78,20:24
429,Digg,false,2528.63,3:07
430,Keen,false,6141.21,23:21
431,Favill,false,4465.77,17:07
432,Starcks,false,4429.99,21:52
433,Bartolomeazzi,true,1077.99,17:16
434,Trewinnard,true,6596.43,21:12
435,Dilleway,false,5384.65,0:49
436,Ahern,false,1572.78,6:59
437,Jennens,false,4459.23,17:42
438,Duplock,false,3708.55,23:48
439,Worling,true,4476.79,3:23
440,Ledgeway,false,4627.64,18:06
441,Kilshall,false,262.33,14:12
442,Crossley,false,6660.28,21:53
443,Train,false,6454.76,12:23
444,Nolte,true,5788.35,1:30
445,Sebyer,true,1913.07,20:23
446,Kohrsen,true,333.06,2:32
447,Boissier,true,4396.86,22:21
448,Truin,true,941.61,4:02
449,Gayler,false,6691.05,3:21
450,Catteroll,false,3909.69,22:56
451,Bellow,false,3414.35,18:52
452,Cristofalo,false,5586.97,19:09
453,Bugby,false,6394.4,7:47
454,Sanpere,false,3975.95,11:11
455,Annandale,true,4898.09,11:41
456,Jeffrey,true,3142.84,5:41
457,Fusedale,true,330.95,21:00
458,Pietrusiak,true,699.75,2:31
459,Goodbur,false,2672.69,2:50
460,Marriott,false,3974.96,20:19
461,Tabourin,false,50.27,1:58
462,Wolvey,false,4312.67,9:18
463,Nayer,false,4501.55,1:11
464,Gipps,false,5993.79,14:10
465,Rampton,true,5952.45,11:26
466,Cabrer,true,2913.91,19:53
467,Pooley,false,2458.29,5:40
468,Ferry,false,5523.18,1:10
469,Potell,false,2948.88,16:51
470,Hardwell,true,6840.22,1:40
471,Eldritt,false,3363.61,15:28
472,Edmonstone,true,1623.63,12:55
473,Trahearn,,,
474,Idenden,false,6438.55,2:34
475,Hanscome,false,1192.63,17:37
476,Dionisi,true,3770.43,13:44
477,Ipsley,false,4470.03,11:08
478,Castro,false,1444.44,11:30
479,Edgell,false,212.97,8:22
480,Cribbott,false,775.95,15:33
481,Pattrick,true,3317.78,19:27
482,Celler,true,2498.97,7:03
483,Gammons,false,1971.8,11:49
484,Leinweber,false,5360.05,4:01
485,Plimmer,false,2146.08,4:14
486,Silly,true,6824.49,14:04
487,Spadazzi,true,3701.22,16:39
488,Lanchberry,true,1854.1,0:32
489,Gaughan,false,4146.57,16:15
490,Beckingham,true,5983.53,7:06
491,Fydoe,false,6675.51,9:18
492,Fasset,true,6639.49,9:30
493,Giacomasso,false,512.21,23:46
494,Heiton,true,2460.94,6:16
495,Claypoole,false,3554.35,15:01
496,Pepis,true,5083.43,4:47
497,Risborough,true,699.15,3:29
498,McAlroy,true,4682.65,20:51
499,Kleinert,true,5149.81,10:21
500,Fandrey,false,5893.8,11:20
